content_id,title,subject,topic,content_type,url,description
7a13952b-42c4-468b-a1de-70216fd58f2b,Math - Algebra - Video,Math,Algebra,Video,https://demo-content.com/math/algebra/video,This is a video about Algebra in Math.
12de4b73-40a6-4b06-be9c-030c9b4ad138,Math - Algebra - Article,Math,Algebra,Article,https://demo-content.com/math/algebra/article,This is a article about Algebra in Math.
fd77812b-56b3-4e5b-83cc-c89ef29fd140,Math - Algebra - Notes,Math,Algebra,Notes,https://demo-content.com/math/algebra/notes,This is a notes about Algebra in Math.
f91b06ec-6941-4a29-a454-013331c3b29f,Math - Algebra - Past Paper,Math,Algebra,Past Paper,https://demo-content.com/math/algebra/past paper,This is a past paper about Algebra in Math.
a0e92dbf-3afc-4ec2-89e5-ae61624a7506,Math - Geometry - Video,Math,Geometry,Video,https://demo-content.com/math/geometry/video,This is a video about Geometry in Math.
52ac5676-c200-4d70-a80e-e935d14ccf02,Math - Geometry - Article,Math,Geometry,Article,https://demo-content.com/math/geometry/article,This is a article about Geometry in Math.
5295d913-6a79-49d2-998d-ef918176daf4,Math - Geometry - Notes,Math,Geometry,Notes,https://demo-content.com/math/geometry/notes,This is a notes about Geometry in Math.
c10e5cd6-8a17-4a0c-b002-4c1b4e969710,Math - Geometry - Past Paper,Math,Geometry,Past Paper,https://demo-content.com/math/geometry/past paper,This is a past paper about Geometry in Math.
1241b417-949c-41bc-a13a-31403acd4c4d,Math - Probability - Video,Math,Probability,Video,https://demo-content.com/math/probability/video,This is a video about Probability in Math.
504c7168-2b88-4411-be8a-58e67ca430ed,Math - Probability - Article,Math,Probability,Article,https://demo-content.com/math/probability/article,This is a article about Probability in Math.
c0d78d34-7f79-4eda-b164-64d77b3598ce,Math - Probability - Notes,Math,Probability,Notes,https://demo-content.com/math/probability/notes,This is a notes about Probability in Math.
43a326d3-31de-4749-b612-4685b1f24f66,Math - Probability - Past Paper,Math,Probability,Past Paper,https://demo-content.com/math/probability/past paper,This is a past paper about Probability in Math.
02295a1f-7c8b-4cc6-89a7-f0008b0bddd7,Math - Trigonometry - Video,Math,Trigonometry,Video,https://demo-content.com/math/trigonometry/video,This is a video about Trigonometry in Math.
3ef8a162-2fee-4470-bdf0-b0079cd3e843,Math - Trigonometry - Article,Math,Trigonometry,Article,https://demo-content.com/math/trigonometry/article,This is a article about Trigonometry in Math.
0c06a45e-88f7-4a25-bf19-a6071fd09436,Math - Trigonometry - Notes,Math,Trigonometry,Notes,https://demo-content.com/math/trigonometry/notes,This is a notes about Trigonometry in Math.
e1a03381-11d6-4516-b4b0-8315597f23e6,Math - Trigonometry - Past Paper,Math,Trigonometry,Past Paper,https://demo-content.com/math/trigonometry/past paper,This is a past paper about Trigonometry in Math.
e9145997-fb92-410d-b77c-1c556387baa8,Math - Calculus - Video,Math,Calculus,Video,https://demo-content.com/math/calculus/video,This is a video about Calculus in Math.
e169f4c0-56c7-4094-a7d5-1e889c886244,Math - Calculus - Article,Math,Calculus,Article,https://demo-content.com/math/calculus/article,This is a article about Calculus in Math.
d1e9b9bd-59ab-4d62-a275-917537fe145b,Math - Calculus - Notes,Math,Calculus,Notes,https://demo-content.com/math/calculus/notes,This is a notes about Calculus in Math.
b27f84c1-64f9-4062-9122-1368ec9283bf,Math - Calculus - Past Paper,Math,Calculus,Past Paper,https://demo-content.com/math/calculus/past paper,This is a past paper about Calculus in Math.
34317048-43b8-47b3-83cc-cdd12015a037,Science - Physics - Video,Science,Physics,Video,https://demo-content.com/science/physics/video,This is a video about Physics in Science.
465b5be9-3f58-4a21-9b7a-c2c9cc6d56f4,Science - Physics - Article,Science,Physics,Article,https://demo-content.com/science/physics/article,This is a article about Physics in Science.
6e9cebf1-1ce2-4d66-903e-aba9315118a5,Science - Physics - Notes,Science,Physics,Notes,https://demo-content.com/science/physics/notes,This is a notes about Physics in Science.
347b43ad-6cd3-4137-826a-be84513dbaf3,Science - Physics - Past Paper,Science,Physics,Past Paper,https://demo-content.com/science/physics/past paper,This is a past paper about Physics in Science.
d7f56149-02e2-4f3c-ad03-c172849a5ade,Science - Biology - Video,Science,Biology,Video,https://demo-content.com/science/biology/video,This is a video about Biology in Science.
df78a8ec-14b6-4403-8b17-f3e1e088387d,Science - Biology - Article,Science,Biology,Article,https://demo-content.com/science/biology/article,This is a article about Biology in Science.
8b6d107e-95d2-4b0c-ad89-d9f307898aaa,Science - Biology - Notes,Science,Biology,Notes,https://demo-content.com/science/biology/notes,This is a notes about Biology in Science.
b56ad9db-8931-4251-bf08-711caeb6192a,Science - Biology - Past Paper,Science,Biology,Past Paper,https://demo-content.com/science/biology/past paper,This is a past paper about Biology in Science.
9669d4bf-dd19-41fa-b09f-486416d4cf3b,Science - Chemistry - Video,Science,Chemistry,Video,https://demo-content.com/science/chemistry/video,This is a video about Chemistry in Science.
5f83f6fa-2280-4dd1-9dde-658c4be592f4,Science - Chemistry - Article,Science,Chemistry,Article,https://demo-content.com/science/chemistry/article,This is a article about Chemistry in Science.
c542da57-81d5-4aa3-a7cc-97d5a89d48df,Science - Chemistry - Notes,Science,Chemistry,Notes,https://demo-content.com/science/chemistry/notes,This is a notes about Chemistry in Science.
73399bef-4a5e-48a3-bf82-586f12bfb05b,Science - Chemistry - Past Paper,Science,Chemistry,Past Paper,https://demo-content.com/science/chemistry/past paper,This is a past paper about Chemistry in Science.
c625085e-893e-4449-bfd7-69c9cc0f021b,Science - Ecology - Video,Science,Ecology,Video,https://demo-content.com/science/ecology/video,This is a video about Ecology in Science.
90a8ba57-61d8-4ebe-9e7f-817abc3c71a6,Science - Ecology - Article,Science,Ecology,Article,https://demo-content.com/science/ecology/article,This is a article about Ecology in Science.
4f674104-068e-48c0-ac57-0a073bddd419,Science - Ecology - Notes,Science,Ecology,Notes,https://demo-content.com/science/ecology/notes,This is a notes about Ecology in Science.
8e335fa2-659f-41b1-8cbf-799177bfad83,Science - Ecology - Past Paper,Science,Ecology,Past Paper,https://demo-content.com/science/ecology/past paper,This is a past paper about Ecology in Science.
cdd421e5-5bf5-4aa2-9559-6e6a4c1ae398,Science - Genetics - Video,Science,Genetics,Video,https://demo-content.com/science/genetics/video,This is a video about Genetics in Science.
b1d945af-d67c-441a-8f54-00065c2a8d41,Science - Genetics - Article,Science,Genetics,Article,https://demo-content.com/science/genetics/article,This is a article about Genetics in Science.
414999c4-0ddf-4f3d-ad2f-503ddac036f8,Science - Genetics - Notes,Science,Genetics,Notes,https://demo-content.com/science/genetics/notes,This is a notes about Genetics in Science.
a59ed7ab-f841-4890-8d42-b7bc77048cee,Science - Genetics - Past Paper,Science,Genetics,Past Paper,https://demo-content.com/science/genetics/past paper,This is a past paper about Genetics in Science.
7789d641-42df-4648-a09e-65638eea6e20,English - Grammar - Video,English,Grammar,Video,https://demo-content.com/english/grammar/video,This is a video about Grammar in English.
b4d29ac6-0a0c-46a1-95b5-799757c49d15,English - Grammar - Article,English,Grammar,Article,https://demo-content.com/english/grammar/article,This is a article about Grammar in English.
92aec706-2f00-4259-89e1-bece280c5865,English - Grammar - Notes,English,Grammar,Notes,https://demo-content.com/english/grammar/notes,This is a notes about Grammar in English.
327582dd-ae90-425a-9d8d-954a7c6c7435,English - Grammar - Past Paper,English,Grammar,Past Paper,https://demo-content.com/english/grammar/past paper,This is a past paper about Grammar in English.
1b2a76f8-48cd-4dbc-9cc0-db10580376ec,English - Literature - Video,English,Literature,Video,https://demo-content.com/english/literature/video,This is a video about Literature in English.
ce30e57f-3e31-4756-868f-bf7b0007fa9d,English - Literature - Article,English,Literature,Article,https://demo-content.com/english/literature/article,This is a article about Literature in English.
c6b51f2c-2ef2-4506-b274-d00e2e1f5eea,English - Literature - Notes,English,Literature,Notes,https://demo-content.com/english/literature/notes,This is a notes about Literature in English.
3a5aeb45-773a-4342-8d10-a8668693c121,English - Literature - Past Paper,English,Literature,Past Paper,https://demo-content.com/english/literature/past paper,This is a past paper about Literature in English.
2d689ee0-7432-42f0-975a-0c325d42fc7e,English - Writing Skills - Video,English,Writing Skills,Video,https://demo-content.com/english/writing_skills/video,This is a video about Writing Skills in English.
fe4489e2-2348-4ac6-8401-9d1b5b888ee2,English - Writing Skills - Article,English,Writing Skills,Article,https://demo-content.com/english/writing_skills/article,This is a article about Writing Skills in English.
488f8a91-7938-471a-b29d-ffb428f3b174,English - Writing Skills - Notes,English,Writing Skills,Notes,https://demo-content.com/english/writing_skills/notes,This is a notes about Writing Skills in English.
240fd819-cdc4-4a3b-aaa4-1191b05ac6d9,English - Writing Skills - Past Paper,English,Writing Skills,Past Paper,https://demo-content.com/english/writing_skills/past paper,This is a past paper about Writing Skills in English.
103fda26-f423-45f6-92ef-170168efcbe8,English - Poetry - Video,English,Poetry,Video,https://demo-content.com/english/poetry/video,This is a video about Poetry in English.
2d129217-bd2a-4295-abc7-ef3fd2b4d05a,English - Poetry - Article,English,Poetry,Article,https://demo-content.com/english/poetry/article,This is a article about Poetry in English.
a97621a7-1f23-4f0d-9df6-02dd3bfbe458,English - Poetry - Notes,English,Poetry,Notes,https://demo-content.com/english/poetry/notes,This is a notes about Poetry in English.
9c7f7157-a5bd-4b6b-aa5f-e85ad401290c,English - Poetry - Past Paper,English,Poetry,Past Paper,https://demo-content.com/english/poetry/past paper,This is a past paper about Poetry in English.
bcac32e2-78f2-42a5-a67a-5de4a555e42b,English - Comprehension - Video,English,Comprehension,Video,https://demo-content.com/english/comprehension/video,This is a video about Comprehension in English.
af375776-ad69-4849-9ad5-2d48b4da8132,English - Comprehension - Article,English,Comprehension,Article,https://demo-content.com/english/comprehension/article,This is a article about Comprehension in English.
87bf543d-4aef-4eba-8a32-25f177ef9fee,English - Comprehension - Notes,English,Comprehension,Notes,https://demo-content.com/english/comprehension/notes,This is a notes about Comprehension in English.
3aac1c65-bb6b-4b4a-99fa-b43418b4f911,English - Comprehension - Past Paper,English,Comprehension,Past Paper,https://demo-content.com/english/comprehension/past paper,This is a past paper about Comprehension in English.
8a5696d0-eafd-473b-9d7c-d59b4a67c6b0,Social Science - Geography - Video,Social Science,Geography,Video,https://demo-content.com/social_science/geography/video,This is a video about Geography in Social Science.
7194d934-d6ce-44d0-8ad2-6ccf9e5234ac,Social Science - Geography - Article,Social Science,Geography,Article,https://demo-content.com/social_science/geography/article,This is a article about Geography in Social Science.
d57e4a97-7549-4e09-90fc-2fee73edefc2,Social Science - Geography - Notes,Social Science,Geography,Notes,https://demo-content.com/social_science/geography/notes,This is a notes about Geography in Social Science.
515111c3-7802-4eb9-9de5-02c20dcb2c7f,Social Science - Geography - Past Paper,Social Science,Geography,Past Paper,https://demo-content.com/social_science/geography/past paper,This is a past paper about Geography in Social Science.
ef9f510d-2ffd-47d6-bee8-67d190bffa3e,Social Science - Civics - Video,Social Science,Civics,Video,https://demo-content.com/social_science/civics/video,This is a video about Civics in Social Science.
711545e9-043c-4c36-a398-d0f46608ac65,Social Science - Civics - Article,Social Science,Civics,Article,https://demo-content.com/social_science/civics/article,This is a article about Civics in Social Science.
30ce63d7-0262-43f3-97ac-e095c4bc21a4,Social Science - Civics - Notes,Social Science,Civics,Notes,https://demo-content.com/social_science/civics/notes,This is a notes about Civics in Social Science.
212489de-17f6-49fd-bcb1-653c828f583d,Social Science - Civics - Past Paper,Social Science,Civics,Past Paper,https://demo-content.com/social_science/civics/past paper,This is a past paper about Civics in Social Science.
fcdb5ca6-8f3b-4704-8068-eff333882d14,Social Science - History - Video,Social Science,History,Video,https://demo-content.com/social_science/history/video,This is a video about History in Social Science.
756c2499-0554-4df2-8d13-2adab55aad8f,Social Science - History - Article,Social Science,History,Article,https://demo-content.com/social_science/history/article,This is a article about History in Social Science.
23a60655-0c1f-4c9b-b9d1-0f6201b392a2,Social Science - History - Notes,Social Science,History,Notes,https://demo-content.com/social_science/history/notes,This is a notes about History in Social Science.
b979b47a-8036-4c6f-b5fc-cc03a9fc2395,Social Science - History - Past Paper,Social Science,History,Past Paper,https://demo-content.com/social_science/history/past paper,This is a past paper about History in Social Science.
d1858f9e-cf7b-4a53-89c2-5b55ecbbf8f5,Social Science - Economics - Video,Social Science,Economics,Video,https://demo-content.com/social_science/economics/video,This is a video about Economics in Social Science.
eef07eeb-4472-49be-9af5-52f783d711bc,Social Science - Economics - Article,Social Science,Economics,Article,https://demo-content.com/social_science/economics/article,This is a article about Economics in Social Science.
0d87713c-ddc2-4ef2-ae17-36defa04bd4d,Social Science - Economics - Notes,Social Science,Economics,Notes,https://demo-content.com/social_science/economics/notes,This is a notes about Economics in Social Science.
56975b16-901a-4d6b-a15d-8a7ff78f868a,Social Science - Economics - Past Paper,Social Science,Economics,Past Paper,https://demo-content.com/social_science/economics/past paper,This is a past paper about Economics in Social Science.
987f67d3-13d8-4439-b5eb-99e0e3960cfb,Social Science - Sociology - Video,Social Science,Sociology,Video,https://demo-content.com/social_science/sociology/video,This is a video about Sociology in Social Science.
b399de6b-3bf8-4162-83ab-1d7c1b339adb,Social Science - Sociology - Article,Social Science,Sociology,Article,https://demo-content.com/social_science/sociology/article,This is a article about Sociology in Social Science.
5e850bc7-1205-40b2-9513-0675ef294cf3,Social Science - Sociology - Notes,Social Science,Sociology,Notes,https://demo-content.com/social_science/sociology/notes,This is a notes about Sociology in Social Science.
79a48e8d-f845-412f-8488-f7969d16c4df,Social Science - Sociology - Past Paper,Social Science,Sociology,Past Paper,https://demo-content.com/social_science/sociology/past paper,This is a past paper about Sociology in Social Science.
362eed16-4ab2-45af-93d6-9ddd857cbe4d,Computer Science - Programming - Video,Computer Science,Programming,Video,https://demo-content.com/computer_science/programming/video,This is a video about Programming in Computer Science.
58746df6-0699-43df-8682-6b3034ac3c03,Computer Science - Programming - Article,Computer Science,Programming,Article,https://demo-content.com/computer_science/programming/article,This is a article about Programming in Computer Science.
af5488c6-2ad2-4b2d-b3a0-8217e2f2b512,Computer Science - Programming - Notes,Computer Science,Programming,Notes,https://demo-content.com/computer_science/programming/notes,This is a notes about Programming in Computer Science.
f957604b-924a-4d9f-864d-556fdd50752f,Computer Science - Programming - Past Paper,Computer Science,Programming,Past Paper,https://demo-content.com/computer_science/programming/past paper,This is a past paper about Programming in Computer Science.
3cbaebe7-23b8-44f0-8ced-7ccc8dccf646,Computer Science - Algorithms - Video,Computer Science,Algorithms,Video,https://demo-content.com/computer_science/algorithms/video,This is a video about Algorithms in Computer Science.
dfa791b4-a8f6-407f-9e59-cae4ea732e75,Computer Science - Algorithms - Article,Computer Science,Algorithms,Article,https://demo-content.com/computer_science/algorithms/article,This is a article about Algorithms in Computer Science.
37d4d612-3e88-4f38-816b-d08b71377dc8,Computer Science - Algorithms - Notes,Computer Science,Algorithms,Notes,https://demo-content.com/computer_science/algorithms/notes,This is a notes about Algorithms in Computer Science.
ae202168-105c-4797-b026-6ee898116854,Computer Science - Algorithms - Past Paper,Computer Science,Algorithms,Past Paper,https://demo-content.com/computer_science/algorithms/past paper,This is a past paper about Algorithms in Computer Science.
0e318619-bca1-40e6-a0a5-4f7d197a7d1b,Computer Science - Databases - Video,Computer Science,Databases,Video,https://demo-content.com/computer_science/databases/video,This is a video about Databases in Computer Science.
a58f2eea-ca8a-4c25-a831-68a13e3f5fce,Computer Science - Databases - Article,Computer Science,Databases,Article,https://demo-content.com/computer_science/databases/article,This is a article about Databases in Computer Science.
c949708d-b378-493a-81f0-17aaffbe6ca6,Computer Science - Databases - Notes,Computer Science,Databases,Notes,https://demo-content.com/computer_science/databases/notes,This is a notes about Databases in Computer Science.
adf01f0a-77b7-47ee-b410-49bd8eddfd1c,Computer Science - Databases - Past Paper,Computer Science,Databases,Past Paper,https://demo-content.com/computer_science/databases/past paper,This is a past paper about Databases in Computer Science.
301487cd-d7df-4d53-b2f9-a74e550c6ed2,Computer Science - Networking - Video,Computer Science,Networking,Video,https://demo-content.com/computer_science/networking/video,This is a video about Networking in Computer Science.
94c573ec-ae25-4c34-a91b-a3b2d3c60f64,Computer Science - Networking - Article,Computer Science,Networking,Article,https://demo-content.com/computer_science/networking/article,This is a article about Networking in Computer Science.
a83b0fcc-14c2-4950-a424-e374608051e7,Computer Science - Networking - Notes,Computer Science,Networking,Notes,https://demo-content.com/computer_science/networking/notes,This is a notes about Networking in Computer Science.
0f5fa6d9-67ac-45c5-a453-56b0cfdf36a2,Computer Science - Networking - Past Paper,Computer Science,Networking,Past Paper,https://demo-content.com/computer_science/networking/past paper,This is a past paper about Networking in Computer Science.
c2df0915-006b-43a5-bc19-b70884691eba,Computer Science - AI - Video,Computer Science,AI,Video,https://demo-content.com/computer_science/ai/video,This is a video about AI in Computer Science.
57a31812-99d0-478b-8430-66f24b97321d,Computer Science - AI - Article,Computer Science,AI,Article,https://demo-content.com/computer_science/ai/article,This is a article about AI in Computer Science.
91a94513-1b5e-4174-bcb6-1de4889590a5,Computer Science - AI - Notes,Computer Science,AI,Notes,https://demo-content.com/computer_science/ai/notes,This is a notes about AI in Computer Science.
e8ac1515-2d99-47e2-8842-a713d3c95bb9,Computer Science - AI - Past Paper,Computer Science,AI,Past Paper,https://demo-content.com/computer_science/ai/past paper,This is a past paper about AI in Computer Science.
7d8a64d1-9d16-4dfe-beb8-4c7687874c6f,Economics - Micro - Video,Economics,Micro,Video,https://demo-content.com/economics/micro/video,This is a video about Micro in Economics.
1f019e9b-29e3-4624-ac27-bfae6c5711e1,Economics - Micro - Article,Economics,Micro,Article,https://demo-content.com/economics/micro/article,This is a article about Micro in Economics.
86523672-4f82-4358-92bd-5c83b9dde0d1,Economics - Micro - Notes,Economics,Micro,Notes,https://demo-content.com/economics/micro/notes,This is a notes about Micro in Economics.
c533aa9d-d827-4ab7-a4b4-4cbb6034c41f,Economics - Micro - Past Paper,Economics,Micro,Past Paper,https://demo-content.com/economics/micro/past paper,This is a past paper about Micro in Economics.
603b247a-c143-4be7-9f60-c18d72efb576,Economics - Macro - Video,Economics,Macro,Video,https://demo-content.com/economics/macro/video,This is a video about Macro in Economics.
0fb9e87d-5d69-4dbf-b106-65065c17f97c,Economics - Macro - Article,Economics,Macro,Article,https://demo-content.com/economics/macro/article,This is a article about Macro in Economics.
89e756a8-3703-480a-b4ca-38ee43fde0ea,Economics - Macro - Notes,Economics,Macro,Notes,https://demo-content.com/economics/macro/notes,This is a notes about Macro in Economics.
ba64bc1a-eb7e-4221-9017-771525b16999,Economics - Macro - Past Paper,Economics,Macro,Past Paper,https://demo-content.com/economics/macro/past paper,This is a past paper about Macro in Economics.
c42270d9-295d-4769-809e-fdf104ccc9c7,Economics - Finance - Video,Economics,Finance,Video,https://demo-content.com/economics/finance/video,This is a video about Finance in Economics.
7760a4bf-8cf7-4dfb-a17c-efcda64c5353,Economics - Finance - Article,Economics,Finance,Article,https://demo-content.com/economics/finance/article,This is a article about Finance in Economics.
de9441c7-8d36-4bc8-a9fd-178140cd14de,Economics - Finance - Notes,Economics,Finance,Notes,https://demo-content.com/economics/finance/notes,This is a notes about Finance in Economics.
be7e8b4d-e076-4387-8046-fefeee3e041b,Economics - Finance - Past Paper,Economics,Finance,Past Paper,https://demo-content.com/economics/finance/past paper,This is a past paper about Finance in Economics.
a27240a1-356f-4b07-b885-088ed32e046c,Economics - Trade - Video,Economics,Trade,Video,https://demo-content.com/economics/trade/video,This is a video about Trade in Economics.
1efbbf98-3d22-4197-a5a4-cb05c0031df2,Economics - Trade - Article,Economics,Trade,Article,https://demo-content.com/economics/trade/article,This is a article about Trade in Economics.
4de663bd-434c-48e5-8792-c83618f4936d,Economics - Trade - Notes,Economics,Trade,Notes,https://demo-content.com/economics/trade/notes,This is a notes about Trade in Economics.
a833030c-bedb-43f6-8879-98d34c9c7c89,Economics - Trade - Past Paper,Economics,Trade,Past Paper,https://demo-content.com/economics/trade/past paper,This is a past paper about Trade in Economics.
7cf953a3-136c-4257-8a83-2bc0acf0d858,Economics - Development - Video,Economics,Development,Video,https://demo-content.com/economics/development/video,This is a video about Development in Economics.
2343325a-1f5f-422e-95f1-8425423998cd,Economics - Development - Article,Economics,Development,Article,https://demo-content.com/economics/development/article,This is a article about Development in Economics.
c8086f8d-78e6-43ab-8f65-4acd6c4fb194,Economics - Development - Notes,Economics,Development,Notes,https://demo-content.com/economics/development/notes,This is a notes about Development in Economics.
03784032-2569-4570-896c-1057ca2b32f9,Economics - Development - Past Paper,Economics,Development,Past Paper,https://demo-content.com/economics/development/past paper,This is a past paper about Development in Economics.
478fa740-2b2d-4d48-985c-3ad9d6d48a9c,History - Ancient - Video,History,Ancient,Video,https://demo-content.com/history/ancient/video,This is a video about Ancient in History.
9bf495d2-55d6-45be-9eac-12566da30f1a,History - Ancient - Article,History,Ancient,Article,https://demo-content.com/history/ancient/article,This is a article about Ancient in History.
505ad18d-a0d4-4b66-8d9a-9cf6114d025f,History - Ancient - Notes,History,Ancient,Notes,https://demo-content.com/history/ancient/notes,This is a notes about Ancient in History.
9f3863a7-6753-4c75-958d-fa1680a50612,History - Ancient - Past Paper,History,Ancient,Past Paper,https://demo-content.com/history/ancient/past paper,This is a past paper about Ancient in History.
1ee0e1f4-24e9-4e1f-89c6-e0939a63f837,History - Medieval - Video,History,Medieval,Video,https://demo-content.com/history/medieval/video,This is a video about Medieval in History.
3c19f475-bf59-4fa7-b948-36e4f8b5bf7b,History - Medieval - Article,History,Medieval,Article,https://demo-content.com/history/medieval/article,This is a article about Medieval in History.
e878cf5e-5b80-4c33-8a4a-a8bf1139f552,History - Medieval - Notes,History,Medieval,Notes,https://demo-content.com/history/medieval/notes,This is a notes about Medieval in History.
a32fc554-6565-4463-bfff-c85c2e16632c,History - Medieval - Past Paper,History,Medieval,Past Paper,https://demo-content.com/history/medieval/past paper,This is a past paper about Medieval in History.
457f884e-dd24-45d8-b585-5f0db3910b6a,History - Modern - Video,History,Modern,Video,https://demo-content.com/history/modern/video,This is a video about Modern in History.
ec960572-1579-42cf-9743-bcc9b5f4fc57,History - Modern - Article,History,Modern,Article,https://demo-content.com/history/modern/article,This is a article about Modern in History.
a1bbf290-78aa-4ff7-b370-6abb277d353c,History - Modern - Notes,History,Modern,Notes,https://demo-content.com/history/modern/notes,This is a notes about Modern in History.
b5f6f3dd-0efb-49f1-824f-b3dd1b3dd8aa,History - Modern - Past Paper,History,Modern,Past Paper,https://demo-content.com/history/modern/past paper,This is a past paper about Modern in History.
14ae362d-20a4-40fa-98fe-9b802fcdee48,History - World Wars - Video,History,World Wars,Video,https://demo-content.com/history/world_wars/video,This is a video about World Wars in History.
8b1256db-d047-4600-9f2c-827165cc0ab2,History - World Wars - Article,History,World Wars,Article,https://demo-content.com/history/world_wars/article,This is a article about World Wars in History.
627eb402-8878-44c2-8b1c-f62bf7be5e35,History - World Wars - Notes,History,World Wars,Notes,https://demo-content.com/history/world_wars/notes,This is a notes about World Wars in History.
4cbc9773-4131-48a4-b55d-1545ad03938a,History - World Wars - Past Paper,History,World Wars,Past Paper,https://demo-content.com/history/world_wars/past paper,This is a past paper about World Wars in History.
426a0505-816f-402e-bc40-c8c5fd7dd319,History - Revolutions - Video,History,Revolutions,Video,https://demo-content.com/history/revolutions/video,This is a video about Revolutions in History.
e827a4ea-777b-41c1-b2b4-b0e3b595db74,History - Revolutions - Article,History,Revolutions,Article,https://demo-content.com/history/revolutions/article,This is a article about Revolutions in History.
c767377b-abb5-469a-869c-8e0d015719af,History - Revolutions - Notes,History,Revolutions,Notes,https://demo-content.com/history/revolutions/notes,This is a notes about Revolutions in History.
411dff58-8d4c-4ea8-8eca-e29d7f6d7654,History - Revolutions - Past Paper,History,Revolutions,Past Paper,https://demo-content.com/history/revolutions/past paper,This is a past paper about Revolutions in History.
